<?xml version="1.0" encoding="UTF-8"?>
<!--
    Licensed Materials - Property of IBM
    5725-I43 (C) Copyright IBM Corp. 2011, 2013. All Rights Reserved.
    US Government Users Restricted Rights - Use, duplication or
    disclosure restricted by GSA ADP Schedule Contract with IBM Corp.
-->
 <wl:adapter name="adapterlist"
	xmlns:xsi="http://www.w3.org/2001/XMLSchema-instance" 
	xmlns:wl="http://www.ibm.com/mfp/integration"
	xmlns:sql="http://www.ibm.com/mfp/integration/sql">

	<displayName>adapterlist</displayName>
	<description>adapterlist</description>
	<connectivity>
		<connectionPolicy xsi:type="sql:SQLConnectionPolicy">
			<!-- Example for using a JNDI data source, replace with actual data source name -->
			<!-- <dataSourceJNDIName>java:/data-source-jndi-name</dataSourceJNDIName> -->
			
			<!-- Example for using MySQL connector, do not forget to put the MySQL connector library in the project's lib folder -->
			<dataSourceDefinition>
				<driverClass>com.mysql.jdbc.Driver</driverClass>
				<url>jdbc:mysql://localhost:3306/mydb</url>
			    <user>root</user>
    			<password></password> 
			</dataSourceDefinition>
		</connectionPolicy>
	</connectivity>

	<!-- Replace this with appropriate procedures -->
	<procedure name="procedure1"/>
	<procedure name="procedure2"/>
	<procedure name="getAdapterlists"> </procedure>
	<procedure name="addAdapterlist"> </procedure>
	<procedure name="updateAdapterlist"> </procedure>
	<procedure name="deleteAdapterlist"> </procedure>
	

</wl:adapter>
